epoch,acc,loss,val_acc,val_loss
0,0.8386111105274823,0.35456722871296936,0.8999999947845936,0.2260245941579342
